form	lemma	POS	morph
༄༅། །		PUNCT
བློ་སྦྱོང་	བློ་སྦྱོང་	OTHER
དོན་	དོན་	NOUN
བདུན་	བདུན་	NUM
མ་	མ་	PART
འི་	གི་	PART
ཟིན་བྲིས་	ཟིན་བྲིས་	OTHER
བཞུགས་	བཞུགས་	VERB
སོ་	གོ་	PART
། །		PUNCT
བླ་མ་	བླ་མ་	NOUN
དྷརྨ་		NON_WORD
རཀྵི་		NON_WORD
ཏ་	ཏ་	OTHER
།		PUNCT
ལྟ་བ་	ལྟ་བ་	VERB
ཉན་ཐོས་	ཉན་ཐོས་	NOUN
བྱེ་	བྱེ་	VERB
སྨྲ་	སྨྲ་	VERB
།		PUNCT
ལུང་	ལུང་	NOUN
གཡུག་	གཡུག་	VERB
ས་	ས་	ADP
གསུམ་	གསུམ་	NUM
གྱི་	གི་	PART
ཕྲེང་བ་	ཕྲེང་བ་	NOUN
།		PUNCT
རིག་པ་	རིག་པ་	VERB
ལྟ་	ལྟ་	NOUN
ཡངས་	ཡངས་	VERB
ཀྱི་	གི་	PART
མདོ་སྡེ་	མདོ་སྡེ་	NOUN
སྐྱེས་རབས་	སྐྱེས་རབས་	NOUN
།		PUNCT
བྱམས་པ་	བྱམས་པ་	PROPN
འི་	གི་	PART
རྣལ་འབྱོར་	རྣལ་འབྱོར་	NOUN
འདི་	འདི་	DET
ཀུ་	ཀུ་	NO_POS
སུ་ལུ་	སུ་ལུ་	NO_POS
ཆུང་བ་	ཆུང་བ་	VERB
ཡིན་	ཡིན་	NO_POS
།		PUNCT
འདི་	འདི་	DET
ལྟ་བ་	ལྟ་བ་	VERB
མི་	མི་	PART
གནས་པ་	གནས་པ་	VERB
།		PUNCT
ལུང་	ལུང་	NOUN
ནམ་མཁ་	ནམ་མཁའ་	NOUN
འི་	གི་	PART
སྙིང་པོ་	སྙིང་པོ་	NOUN
།		PUNCT
རིག་པ་	རིག་པ་	VERB
བསླབ་	བསླབ་	VERB
བཏུས་	བཏུས་	NO_POS
སྤྱོད་འཇུག་	སྤྱོད་འཇུག་	PROPN
།		PUNCT
གསེར་	གསེར་	NOUN
གླིང་པ་	གླིང་པ་	NOUN
ལྟ་བ་	ལྟ་བ་	VERB
བདག་	བདག་	PRON
འཛིན་	འཛིན་	VERB
མི་	མི་	PART
སྤང་བ་	སྤང་བ་	VERB
ར་	ལ་	PART
རྒྱུ་མཚན་	རྒྱུ་མཚན་	NOUN
བྱ་	བྱ་	VERB
།		PUNCT
སྤྱོད་པ་	སྤྱོད་པ་	VERB
མུ་སྟེགས་	མུ་སྟེགས་	NOUN
དང་	དང་	NO_POS
ཐུན་མོང་	ཐུན་མོང་	ADJ
།		PUNCT
ལུང་	ལུང་	NOUN
དྲི་མེད་	དྲི་མེད་	ADJ
གྲང་	གྲང་	VERB
ཞུ་	ཞུ་	VERB
།		PUNCT
རིག་པ་	རིག་པ་	VERB
བྱང་ཆུབ་	བྱང་ཆུབ་	NOUN
སེམས་དཔ་	སེམས་དཔའ་	NOUN
འི་	གི་	PART
རྗེས་	རྗེས་	NOUN
འབྲང་	འབྲང་	VERB
།		PUNCT
བྱམས་པ་	བྱམས་པ་	PROPN
ན་	ནས་	PART
བརྒྱུད་	བརྒྱུད་	NO_POS
།		PUNCT
དྲི་མེད་	དྲི་མེད་	ADJ
གྲག་	གྲག་	VERB
མདོ་	མདོ་	NOUN
ལ་	ལ་	ADP
ས་	གིས་	PART
།		PUNCT
འཇིགས་	འཇིགས་	VERB
ཚོགས་	ཚོགས་	NOUN
ལ་	ལ་	PART
ལྟ་བ་	ལྟ་བ་	VERB
སངས་རྒྱས་	སངས་རྒྱས་	NOUN
ཀྱི་	གི་	PART
གདུང་	གདུང་	NOUN
ཡིན་	ཡིན་	NO_POS
ནོ་	གོ་	PART
། །		PUNCT
གསེར་	གསེར་	NOUN
གླིང་པ་	གླིང་པ་	NOUN
ས་	གིས་	PART
།		PUNCT
དང་པོ་	དང་པོ་	ADJ
བདག་གཞན་	བདག་གཞན་	NOUN
མཉམ་	མཉམ་	VERB
།		PUNCT
དེ་ནས་	དེ་ནས་	NO_POS
བརྗེ་བ་	བརྗེ་བ་	VERB
བསྒོམས་པ་	བསྒོམས་པ་	VERB
ཡིན་	ཡིན་	NO_POS
།		PUNCT
སྤྱན་སྔ་	སྤྱན་སྔ་	PROPN
རིན་པོ་ཆེ་	རིན་པོ་ཆེ་	ADJ
ས་	གིས་	PART
གསུངས་	གསུངས་	VERB
།		PUNCT
འགྲོམ་		NON_WORD
སྟོན་	སྟོན་	VERB
གྱི་	གི་	PART
ཞལ་	ཞལ་	NOUN
ན་	ནས་	PART
།		PUNCT
གསེར་	གསེར་	NOUN
གླིང་པ་	གླིང་པ་	NOUN
ས་	གིས་	PART
དང་པོ་	དང་པོ་	ADJ
ཉིད་	ཉིད་	DET
ན་	ནས་	PART
བརྗེ་བ་	བརྗེ་བ་	VERB
བསྒོམས་པ་	བསྒོམས་པ་	VERB
ཡིན་	ཡིན་	NO_POS
གསུངས་	གསུངས་	VERB
།		PUNCT
དོན་	དོན་	NOUN
བདུན་	བདུན་	NUM
ཚིག་	ཚིག་	NOUN
གི་	གི་	PART
ཆོ་	ཆོ་	NOUN
རྣམས་	རྣམས་	DET
རྨི་ལམ་	རྨི་ལམ་	NOUN
ལྟ་བུ་	ལྟ་བུ་	NOUN
ར་	ལ་	PART
བསླབ་	བསླབ་	VERB
།		PUNCT
མ་	མ་	PART
སྐྱེ་	སྐྱེ་	VERB
རིག་པ་	རིག་པ་	VERB
འི་	གི་	PART
གཤིས་	གཤིས་	OTHER
ལ་	ལ་	PART
བསྐྱེད་	བསྐྱེད་	VERB
།		PUNCT
གཟུང་འཛིན་	གཟུང་འཛིན་	NOUN
རང་བཞིན་	རང་བཞིན་	NOUN
མེད་པ་	མེད་པ་	VERB
ར་	ལ་	PART
སྟོན་	སྟོན་	VERB
།		PUNCT
གཉེན་པ་	གཉེན་པ་	NOUN
ཉིད་	ཉིད་	DET
ཀྱང་	ཀྱང་	PART
རང་ས་	རང་ས་	OTHER
ར་	ལ་	PART
གྲོལ་	གྲོལ་	VERB
།		PUNCT
ཆོ་	ཆོ་	NOUN
ཐམས་ཅད་	ཐམས་ཅད་	DET
རང་བཞིན་	རང་བཞིན་	NOUN
མེད་པ་	མེད་པ་	VERB
ར་	ལ་	PART
སྟོན་	སྟོན་	VERB
།		PUNCT
ངོ་བོ་	ངོ་བོ་	NOUN
ཀུན་གཞི་	ཀུན་གཞི་	NOUN
འི་	གི་	PART
ངང་	ངང་	NOUN
ལ་	ལ་	PART
བཞག་	བཞག་	VERB
།		PUNCT
ཡུལ་	ཡུལ་	NOUN
ཡུལ་ཅན་	ཡུལ་ཅན་	NOUN
གྱི་	གི་	PART
རྟོག་པ་	རྟོག་པ་	VERB
ས་	གིས་	PART
མ་	མ་	PART
བསླད་པ་	བསླད་པ་	VERB
ར་	ལ་	PART
།		PUNCT
དངོས་གཞི་	དངོས་གཞི་	NOUN
འོད་གསལ་	འོད་གསལ་	NOUN
ཞེ་	ཅེས་	PART
བྱ་	བྱ་	VERB
།		PUNCT
ཐུན་	ཐུན་	NOUN
མཚམས་	མཚམས་	NOUN
སྒྱུ་མ་	སྒྱུ་མ་	NOUN
འི་	གི་	PART
སྐྱེས་བུ་	སྐྱེས་བུ་	NOUN
ར་	ལ་	PART
བྱ་	བྱ་	VERB
།		PUNCT
མཉམ་བཞག་	མཉམ་བཞག་	NOUN
གི་	གི་	PART
ཉམས་ལེན་	ཉམས་ལེན་	NOUN
རྗེས་ཐོབ་	རྗེས་ཐོབ་	NOUN
ཏུ་	ལ་	PART
མ་	མ་	PART
བྲལ་བ་	བྲལ་བ་	VERB
བདེན་	བདེན་	VERB
མེད་	མེད་	VERB
སྒྱུ་མ་	སྒྱུ་མ་	NOUN
ལྟ་བུ་	ལྟ་བུ་	NOUN
ར་	ལ་	PART
སྦྱངས་	སྦྱངས་	VERB
།		PUNCT
དེ་ལྟ་	དེ་ལྟ་	NO_POS
བསྒྲུབས་པ་	བསྒྲུབས་པ་	VERB
སོགས་	སོགས་	DET
ཚིགས་	ཚིགས་	NOUN
བཞི་	བཞི་	NUM
འི་	གི་	PART
ཕན་ཡོན་	ཕན་ཡོན་	NOUN
བསྟན་	བསྟན་	VERB
།		PUNCT
ཀུན་རྫོབ་	ཀུན་རྫོབ་	NOUN
བྱང་སེམས་	བྱང་སེམས་	NOUN
བསྒོམ་པ་	བསྒོམ་པ་	VERB
ལ་	ལ་	PART
གཏོང་ལེན་	གཏོང་ལེན་	OTHER
གཉིས་པོ་	གཉིས་པོ་	NUM
སྤེལ་བ་	སྤེལ་བ་	VERB
ར་	ལ་	PART
སྲུངས་	སྲུངས་	VERB
།		PUNCT
བྱམས་	བྱམས་	VERB
སྙིང་རྗེ་	སྙིང་རྗེ་	NOUN
བསྒོམས་པ་	བསྒོམས་པ་	VERB
ཐོག་མ་	ཐོག་མ་	NOUN
ར་	ལ་	PART
བསྟན་	བསྟན་	VERB
།		PUNCT
དེ་	སྟེ་	PART
གཉིས་	གཉིས་	NUM
རླུང་	རླུང་	NOUN
ལ་	ལ་	PART
བསྐྱོན་པ་	བསྐྱོན་པ་	VERB
ར་	ལ་	PART
བྱ་	བྱ་	VERB
།		PUNCT
སྦྱངས་	སྦྱངས་	VERB
ལུགས་	ལུགས་	NOUN
དངོས་བསྟན་	དངོས་བསྟན་	NO_POS
།		PUNCT
རྗེས་	རྗེས་	NOUN
ཡུལ་གསུམ་	ཡུལ་གསུམ་	NO_POS
དུག་	དུག་	NOUN
གསུམ་	གསུམ་	NUM
དགེ་རྩ་	དགེ་རྩ་	OTHER
གསུམ་	གསུམ་	NUM
ཞེས་་	ཞེས་པ་	PART
འི་	གི་	PART
སྤྱོད་ཡུལ་	སྤྱོད་ཡུལ་	NOUN
ལམ་	གམ་	PART
ཁྱེ་	ཁྱེ་	VERB
བསྟན་	བསྟན་	VERB
།		PUNCT
སྤྱོད་ལམ་	སྤྱོད་ལམ་	NOUN
ཀུན་	ཀུན་	DET
ཏུ་	ལ་	PART
ཚིག་	ཚིག་	NOUN
གི་	གི་	PART
སྦྱངས་	སྦྱངས་	VERB
།		PUNCT
སྣོད་བཅུད་	སྣོད་བཅུད་	NOUN
སྡིག་པ་	སྡིག་པ་	VERB
ས་	གིས་	PART
གང་བ་	གང་བ་	VERB
འི་	གི་	PART
ཚེ་	ཚེ་	NOUN
།		PUNCT
རྐྱེན་ངན་	རྐྱེན་ངན་	NOUN
བྱང་ཆུབ་	བྱང་ཆུབ་	NOUN
ལམ་	གམ་	PART
དུ་	ལ་	PART
སྒྱུ་	སྒྱུ་	VERB
།		PUNCT
རྐྱེན་ངན་	རྐྱེན་ངན་	NOUN
གྲོག་	གྲོག་	NOUN
སུ་	ལ་	PART
ཁྱེར་བ་	ཁྱེར་བ་	VERB
ར་	ལ་	PART
བསྟན་	བསྟན་	VERB
།		PUNCT
ཀུན་	ཀུན་	DET
ལ་	ལ་	PART
བཀའ་དྲིན་	བཀའ་དྲིན་	NOUN
ཆེ་བ་	ཆེ་བ་	VERB
ར་	ལ་	PART
བསྒོམས་	བསྒོམས་	VERB
།		PUNCT
སེམས་ཅན་	སེམས་ཅན་	NOUN
ལ་	ལ་	PART
དྲིན་	དྲིན་	NOUN
ཆེ་བ་	ཆེ་བ་	VERB
ར་	ལ་	PART
བཟུང་	བཟུང་	NO_POS
ལ་	ལ་	PART
གཅེས་པ་	གཅེས་པ་	VERB
ར་	ལ་	PART
བལྟ་བ་	བལྟ་བ་	VERB
བསྟན་	བསྟན་	VERB
།		PUNCT
འདི་	འདི་	DET
ལ་	ལ་	PART
ཤ་	ཤ་	NOUN
ཁྱེ་	ཁྱེ་	VERB
ཁྲག་	ཁྲག་	NOUN
ཁྱེ་	ཁྱེ་	VERB
གྱི་	གི་	PART
།		PUNCT
གདམས་པ་	གདམས་པ་	VERB
ཡང་	ཀྱང་	PART
ཟེ་	ཟེ་	VERB
།		PUNCT
དོན་དམ་	དོན་དམ་	NOUN
བྱང་སེམས་	བྱང་སེམས་	NOUN
ཀྱི་	གི་	PART
རྐྱེན་ངན་	རྐྱེན་ངན་	NOUN
ལམ་	གམ་	PART
སློང་	སློང་	VERB
།		PUNCT
ལྟ་བ་	ལྟ་བ་	VERB
གསུམ་	གསུམ་	NUM
དང་	དང་	NO_POS
ན་	ནས་	PART
ཚིགས་	ཚིགས་	NOUN
བཞི་	བཞི་	NUM
འི་	གི་	PART
བསྟན་	བསྟན་	VERB
།		PUNCT
སྡུག་བསྔལ་	སྡུག་བསྔལ་	NOUN
མེད་	མེད་	VERB
ན་	ལ་	PART
ངེས་འབྱུང་	ངེས་འབྱུང་	NOUN
མེད་	མེད་	VERB
"།
།"		PUNCT
སྐྱོ་བ་	སྐྱོ་བ་	VERB
ས་	གིས་	PART
དྲེགས་པ་	དྲེགས་པ་	VERB
སེལ་བ་	སེལ་བ་	VERB
ར་	ལ་	PART
བྱེད་	བྱེད་	VERB
། །		PUNCT
འཁོར་བ་པ་	འཁོར་བ་པ་	NOUN
ལ་	ལ་	PART
སྙིང་རྗེ་	སྙིང་རྗེ་	NOUN
སྐྱེ་	སྐྱེ་	NOUN
། །		PUNCT
དང་པོ་	དང་པོ་	ADJ
ས་	གིས་	PART
ངེས་འབྱུང་	ངེས་འབྱུང་	NOUN
།		PUNCT
གཉིས་པ་	གཉིས་པ་	NUM
ས་	གིས་	PART
བཀའ་དྲིན་	བཀའ་དྲིན་	NOUN
ཆེ་བ་	ཆེ་བ་	VERB
ར་	ལ་	PART
བསྒོམས་	བསྒོམས་	VERB
།		PUNCT
གསུམ་པ་	གསུམ་པ་	NUM
ས་	གིས་	PART
སྙིང་རྗེ་	སྙིང་རྗེ་	NOUN
བསྟན་	བསྟན་	VERB
།		PUNCT
སྦྱོར་བ་	སྦྱོར་བ་	VERB
བཞི་	བཞི་	NUM
ལྡན་	ལྡན་	VERB
ཐབས་	ཐབས་	NOUN
ཀྱི་	གི་	PART
མཆོག་	མཆོག་	ADJ
།		PUNCT
ཞེས་་	ཞེས་པ་	PART
ས་	གིས་	PART
བསགས་	བསགས་	VERB
སྦྱངས་	སྦྱངས་	VERB
བསྟན་	བསྟན་	VERB
ན་	ནས་	PART
བྱང་སེམས་	བྱང་སེམས་	NOUN
སྦྱངས་	སྦྱངས་	VERB
ཚུལ་	ཚུལ་	NOUN
བསྟན་	བསྟན་	VERB
།		PUNCT
དེ་ཡང་	དེ་ཡང་	ADV
དང་པོ་	དང་པོ་	ADJ
ཚོགས་	ཚོགས་	NOUN
བསགས་	བསགས་	VERB
།		PUNCT
གཉིས་པ་	གཉིས་པ་	NUM
སྡིག་	སྡིག་	NOUN
སྦྱོང་	སྦྱོང་	VERB
"།
།"		PUNCT
གསུམ་པ་	གསུམ་པ་	NUM
གདོན་	གདོན་	NOUN
ལ་	ལ་	PART
མཆོད་	མཆོད་	VERB
།		PUNCT
གནོད་	གནོད་	VERB
བྱེད་	བྱེད་	VERB
ལ་	ལ་	PART
གཏོར་མ་	གཏོར་མ་	NOUN
སྦྱིན་	སྦྱིན་	VERB
།		PUNCT
བཞི་པ་	བཞི་པ་	ADJ
ཆོས་སྐྱོང་	ཆོས་སྐྱོང་	NOUN
མཆོད་	མཆོད་	VERB
། །		PUNCT
མན་ངག་	མན་ངག་	NOUN
སྙིང་པོ་	སྙིང་པོ་	NOUN
མདོར་བསྡུས་པ་	མདོར་བསྡུས་པ་	OTHER
"།
།"		PUNCT
སྟོབས་	སྟོབས་	NOUN
ལྔ་	ལྔ་	NUM
དག་	དག་	DET
ལ་	ལ་	PART
སྦྱང་བ་	སྦྱང་བ་	VERB
ར་	ལ་	PART
བྱ་	བྱ་	VERB
། །		PUNCT
ཞེས་་	ཞེས་པ་	PART
ས་	གིས་	PART
ཚེ་	ཚེ་	NOUN
གཅིག་	གཅིག་	NUM
གི་	གི་	PART
མན་ངག་	མན་ངག་	NOUN
དྲིལ་	དྲིལ་	VERB
ན་	ནས་	PART
བསྟན་	བསྟན་	VERB
།		PUNCT
དེ་ཡང་	དེ་ཡང་	ADV
འཕན་པ་	འཕན་པ་	NO_POS
།		PUNCT
གམས་པ་	གམས་པ་	NON_WORD
།		PUNCT
དཀ་	དཀའ་	VERB
ར་	ལ་	PART
		
པོ་	པོ་	PART
ས་བོན་	ས་བོན་	NOUN
གྱི་	གི་	PART
སྟོབས་	སྟོབས་	NOUN
སུན་	སུན་	NO_POS
ཕྱིན་	ཕྱིན་	VERB
།		PUNCT
སྨོན་ལམ་	སྨོན་ལམ་	NOUN
གྱི་	གི་	PART
སྟོབས་	སྟོབས་	NOUN
དང་	དང་	NO_POS
ལྔ་	ལྔ་	NUM
འོ་	གོ་	PART
། །		PUNCT
སྟོབས་	སྟོབས་	NOUN
ལྔ་	ལྔ་	NUM
ཉིད་	ཉིད་	DET
ཡིན་	ཡིན་	NO_POS
སྤྱོད་ལམ་	སྤྱོད་ལམ་	NOUN
གཅེ་	གཅེ་	VERB
།		PUNCT
ཞེས་་	ཞེས་པ་	PART
ས་	གིས་	PART
འཆི་ཁ་	འཆི་ཁ་	NO_POS
འཕོ་བ་	འཕོ་བ་	VERB
འི་	གི་	PART
གདམས་ངག་	གདམས་ངག་	NOUN
བསྟན་	བསྟན་	VERB
།		PUNCT
སྤྱོད་ལམ་	སྤྱོད་ལམ་	NOUN
སྣ་བུག་	སྣ་བུག་	NO_POS
གཡའ་	གཡའ་	NOUN
བཀག་	བཀག་	VERB
།		PUNCT
གཡོན་	གཡོན་	NOUN
དུ་	ལ་	PART
དད་	དད་	VERB
འཆི་པ་	འཆི་པ་	VERB
ར་	ལ་	PART
བྱ་	བྱ་	VERB
།		PUNCT
ཆོ་	ཆོ་	NOUN
ཀུན་	ཀུན་	DET
དགོངས་པ་	དགོངས་པ་	VERB
གཅིག་	གཅིག་	NUM
ཏུ་	ལ་	PART
འདུ་	འདུ་	VERB
།		PUNCT
ཞེས་་	ཞེས་པ་	PART
ས་	གིས་	PART
བློ་སྦྱོང་	བློ་སྦྱོང་	OTHER
གི་	གི་	PART
ཚད་	ཚད་	NOUN
བསྟན་	བསྟན་	VERB
།		PUNCT
དཔང་པོ་	དཔང་པོ་	NOUN
གཉིས་	གཉིས་	NUM
ཀྱི་	གི་	PART
གཙོ་བོ་	གཙོ་བོ་	ADJ
ར་	ལ་	PART
བཟུང་	བཟུང་	NO_POS
།		PUNCT
ཞེས་་	ཞེས་པ་	PART
ས་	གིས་	PART
རང་གཞན་	རང་གཞན་	NOUN
གྱིས་	གིས་	PART
མི་	མི་	PART
ཁྲེལ་པ་	ཁྲེལ་པ་	NO_POS
འི་	གི་	PART
དཔང་པོ་	དཔང་པོ་	NOUN
གཉིས་	གཉིས་	NUM
སོ་	གོ་	PART
། །		PUNCT
ཡིད་	ཡིད་	NOUN
བདེ་	བདེ་	VERB
འབའ་ཞིག་	འབའ་ཞིག་	NO_POS
རྒྱུན་	རྒྱུན་	NOUN
དུ་	ལ་	PART
བསྟན་	བསྟན་	VERB
།		PUNCT
ཞེས་་	ཞེས་པ་	PART
ས་	གིས་	PART
མི་འདོད་པ་	མི་འདོད་པ་	NO_POS
ཅི་	ཅི་	NO_POS
བྱུང་	བྱུང་	VERB
ཡང་	ཀྱང་	PART
གྲོག་	གྲོག་	NOUN
སུ་	ལ་	PART
འཆར་	འཆར་	NO_POS
ན་	ལ་	PART
བློ་	བློ་	NOUN
འབྱོངས་པ་	འབྱོངས་པ་	VERB
འི་	གི་	PART
ཚད་	ཚད་	NOUN
གཅིག་	གཅིག་	NUM
།		PUNCT
ཡེང་	ཡེང་	NO_POS
ཀྱང་	ཀྱང་	PART
ཐུབ་	ཐུབ་	VERB
ན་	ལ་	PART
འབྱོངས་པ་	འབྱོངས་པ་	VERB
ར་	ལ་	PART
ཡིན་	ཡིན་	NO_POS
།		PUNCT
རྟ་པ་	རྟ་པ་	NO_POS
རྩལ་	རྩལ་	NOUN
ཆེན་	ཆེན་	NO_POS
གྱིས་	གིས་	PART
དཔེ་	དཔེ་	NOUN
ས་	གིས་	PART
བློ་	བློ་	NOUN
འབྱོངས་པ་	འབྱོངས་པ་	VERB
འི་	གི་	PART
ཚད་	ཚད་	NOUN
གཅིག་	གཅིག་	NUM
།		PUNCT
སྤྱི་དོན་	སྤྱི་དོན་	NOUN
གསུམ་	གསུམ་	NUM
ལ་	ལ་	PART
རྟག་	རྟག་	VERB
ཏུ་	ལ་	PART
བསླབ་	བསླབ་	VERB
།		PUNCT
ཞེས་་	ཞེས་པ་	PART
ས་	གིས་	PART
ཁ་	ཁ་	PRON
ས་	གིས་	PART
བླངས་	བླངས་	VERB
།		PUNCT
ཐོ་ཅོ་	ཐོ་ཅོ་	NO_POS
ཕྱོགས་	ཕྱོགས་	NOUN
རེ་	རེ་	DET
མ་	མ་	PART
སོང་བ་	སོང་བ་	VERB
གསུམ་	གསུམ་	NUM
མོ་	གོ་	PART
། །		PUNCT
འདུན་པ་	འདུན་པ་	PROPN
བསྒྱུར་	བསྒྱུར་	VERB
ལ་	ལ་	PART
རང་ས་	རང་ས་	OTHER
ར་	ལ་	PART
བཞག་	བཞག་	VERB
།		PUNCT
བདག་གཞན་	བདག་གཞན་	NOUN
བརྗེ་བ་	བརྗེ་བ་	VERB
འི་	གི་	PART
རྣལ་འབྱོར་	རྣལ་འབྱོར་	NOUN
བསྒོམས་པ་	བསྒོམས་པ་	VERB
དང་	དང་	NO_POS
མ་	མ་	PART
བྲལ་བ་	བྲལ་བ་	VERB
འི་	གི་	PART
སྒོ་	སྒོ་	NOUN
ན་	ནས་	PART
ལུས་	ལུས་	NOUN
ཀྱི་	གི་	PART
སྤྱོད་པ་	སྤྱོད་པ་	VERB
སོ་	གོ་	PART
ཐུབ་པ་	ཐུབ་པ་	VERB
བྱ་	བྱ་	VERB
ཚུལ་	ཚུལ་	NOUN
བསྟན་	བསྟན་	VERB
།		PUNCT
ཡན་ལག་	ཡན་ལག་	NOUN
ཉམས་པ་	ཉམས་པ་	VERB
ར་	ལ་	PART
བརྗོད་	བརྗོད་	VERB
མི་	མི་	PART
བྱ་	བྱ་	VERB
།		PUNCT
ཞེས་་	ཞེས་པ་	PART
ས་	གིས་	PART
སྐྱོན་	སྐྱོན་	NOUN
དག་	དག་	DET
སྤང་བ་	སྤང་བ་	VERB
ར་	ལ་	PART
བསྟན་	བསྟན་	VERB
། །		PUNCT
འབྲས་བུ་	འབྲས་བུ་	NOUN
རེ་བ་	རེ་བ་	VERB
ཐམས་ཅད་	ཐམས་ཅད་	DET
སྤང་	སྤང་	VERB
། །		PUNCT
ཞེས་་	ཞེས་པ་	PART
ས་	གིས་	PART
རྣམ་སྨིན་	རྣམ་སྨིན་	NOUN
གྱི་	གི་	PART
རེ་བ་	རེ་བ་	VERB
སྤང་བ་	སྤང་བ་	VERB
ར་	ལ་	PART
བསྟན་	བསྟན་	VERB
།		PUNCT
དུག་	དུག་	NOUN
ཅན་	ཅན་	PART
གྱི་	གི་	PART
ཟ་	ཟ་	NOUN
སྤང་	སྤང་	VERB
།		PUNCT
ཞེས་་	ཞེས་པ་	PART
ས་	གིས་	PART
བདེན་འཛིན་	བདེན་འཛིན་	NO_POS
སྤང་	སྤང་	VERB
།		PUNCT
ཤག་	ཤག་	NO_POS
ངན་	ངན་	VERB
མ་	མ་	PART
དགོད་	དགོད་	VERB
།		PUNCT
ཅེས་པ་	ཅེས་པ་	PART
ས་	གིས་	PART
ཚིག་རྩུབ་	ཚིག་རྩུབ་	NOUN
སྤང་	སྤང་	VERB
།		PUNCT
འཕྲང་	འཕྲང་	NOUN
མ་	མ་	PART
བསྒུག་	བསྒུག་	VERB
།		PUNCT
ཞེས་་	ཞེས་པ་	PART
ས་	གིས་	PART
ཞེ་བཞག་	ཞེ་བཞག་	NO_POS
སྤང་	སྤང་	VERB
།		PUNCT
མཛོ་	མཛོ་	NOUN
ཁལ་	ཁལ་	NOUN
གླང་	གླང་	NOUN
ལ་	ལ་	PART
མི་	མི་	PART
འཇོ་	འཇོ་	NO_POS
།		PUNCT
ཞེས་་	ཞེས་པ་	PART
ས་	གིས་	PART
འཁོན་	འཁོན་	VERB
སྤང་	སྤང་	VERB
།		PUNCT
མགྱོགས་	མགྱོགས་	VERB
ཀྱི་	གི་	PART
རྩེ་མ་	རྩེ་མ་	NO_POS
གཏོང་	གཏོང་	VERB
།		PUNCT
ཞེས་་	ཞེས་པ་	PART
ས་	གིས་	PART
འདོད་པ་	འདོད་པ་	VERB
འི་	གི་	PART
དངོས་པོ་	དངོས་པོ་	NOUN
ཐབས་	ཐབས་	NOUN
ཀྱིས་	གིས་	PART
རང་	རང་	PRON
ལ་	ལ་	PART
བསྒྱུར་བ་	བསྒྱུར་བ་	VERB
སྤང་	སྤང་	VERB
།		PUNCT
གཏོ་	གཏོ་	OTHER
ལོག་	ལོག་	VERB
མི་	མི་	PART
བྱ་	བྱ་	VERB
།		PUNCT
ཞེས་་	ཞེས་པ་	PART
ས་	གིས་	PART
བློ་	བློ་	NOUN
སྦྱོངས་	སྦྱོངས་	VERB
རང་	རང་	PRON
འཁྲས་	འཁྲས་	NO_POS
མ་	མ་	PART
ཚོད་པ་	ཚོད་པ་	NOUN
སྤང་	སྤང་	VERB
།		PUNCT
ལྷ་	ལྷ་	NOUN
བདུད་	བདུད་	NOUN
ཏུ་	ལ་	PART
མི་	མི་	PART
དབབ་	དབབ་	NO_POS
།		PUNCT
ཞེས་་	ཞེས་པ་	PART
ས་	གིས་	PART
གཞན་	གཞན་	DET
ལ་	ལ་	PART
ར་	ར་	NOUN
ཆོད་	ཆོད་	VERB
དང་	དང་	NO_POS
བརྙས་ཆོས་	བརྙས་ཆོས་	NO_POS
བྱེད་པ་	བྱེད་པ་	VERB
སྤང་	སྤང་	VERB
།		PUNCT
དཔེ་	དཔེ་	NOUN
དོན་	དོན་	NOUN
གཉིས་	གཉིས་	NUM
ཡོད་	ཡོད་	VERB
།		PUNCT
སྐྱིད་	སྐྱིད་	NO_POS
ལན་	ལན་	NOUN
སྔག་		NON_WORD
མ་	མ་	PART
འཚོལ་	འཚོལ་	VERB
།		PUNCT
ཞེས་་	ཞེས་པ་	PART
འི་	གི་	PART
རང་	རང་	PRON
སྐྱིད་	སྐྱིད་	NO_POS
ཏུ་རེ་	ཏུ་རེ་	NO_POS
བ་	བ་	ADP
གཞན་	གཞན་	DET
ལ་	ལ་	PART
སྡུག་	སྡུག་	VERB
བྱུང་	བྱུང་	VERB
ན་	ལ་	PART
དགའ་བ་	དགའ་བ་	VERB
སྤང་	སྤང་	VERB
།		PUNCT
རྣལ་འབྱོར་	རྣལ་འབྱོར་	NOUN
ཐམས་ཅད་	ཐམས་ཅད་	DET
གཅིག་	གཅིག་	NUM
གི་	གི་	PART
བྱ་	བྱ་	VERB
།		PUNCT
ཞེས་་	ཞེས་པ་	PART
ས་	གིས་	PART
བློ་སྦྱོང་	བློ་སྦྱོང་	OTHER
གི་	གི་	PART
ཆོ་	ཆོ་	NOUN
གཅིག་པུ་	གཅིག་པུ་	ADJ
འི་	གི་	PART
ཆོག་པ་	ཆོག་པ་	VERB
ར་	ལ་	PART
བསྟན་	བསྟན་	VERB
།		PUNCT
ལོག་གནོན་	ལོག་གནོན་	NO_POS
ཐམས་ཅད་	ཐམས་ཅད་	DET
གཅིག་	གཅིག་	NUM
གི་	གི་	PART
བྱ་	བྱ་	VERB
།		PUNCT
ཞེ་	ཅེས་	PART
བློ་སྦྱོང་	བློ་སྦྱོང་	OTHER
སྙིང་	སྙིང་	NOUN
མི་འདོད་པ་	མི་འདོད་པ་	NO_POS
སོང་	སོང་	VERB
ན་	ལ་	PART
བསྒོམ་	བསྒོམ་	VERB
ལོག་པ་	ལོག་པ་	VERB
ཡིན་པ་	ཡིན་པ་	AUX
ས་	གིས་	PART
སླ་	སླ་	ADV
ནན་ཏན་	ནན་ཏན་	NOUN
ཏུ་	ལ་	PART
སྤྱོད་པ་	སྤྱོད་པ་	VERB
ར་	ལ་	PART
བསྟན་	བསྟན་	VERB
།		PUNCT
ཐོག་མཐའ་	ཐོག་མཐའ་	OTHER
གཉིས་	གཉིས་	NUM
ལ་	ལ་	PART
བྱ་བ་	བྱ་བ་	VERB
གཉིས་	གཉིས་	NUM
།		PUNCT
བླ་མ་	བླ་མ་	NOUN
འི་	གི་	PART
གདམས་ངག་	གདམས་ངག་	NOUN
དྲན་པ་	དྲན་པ་	VERB
ར་	ལ་	PART
བྱ་	བྱ་	VERB
།		PUNCT
ཞེས་་	ཞེས་པ་	PART
ས་	གིས་	PART
ནངས་པ་	ནངས་པ་	ADV
ར་	ལ་	PART
ལྟ་	ལྟ་	NOUN
བདག་	བདག་	PRON
འཛིན་	འཛིན་	VERB
གྱི་	གི་	PART
མ་	མ་	PART
གོས་པ་	གོས་པ་	VERB
འི་	གི་	PART
འཕེན་པ་	འཕེན་པ་	VERB
བཏང་	བཏང་	VERB
།		PUNCT
ནུབ་མོ་	ནུབ་མོ་	NOUN
དེ་	སྟེ་	PART
བྱ་	བྱ་	VERB
དེ་ནས་	དེ་ནས་	NO_POS
དེ་	སྟེ་	PART
བྱ་	བྱ་	VERB
སོ་	གོ་	PART
སྙམ་པ་	སྙམ་པ་	VERB
ས་	གིས་	PART
།		PUNCT
འགལ་	འགལ་	VERB
ན་	ལ་	PART
བཤགས་པ་	བཤགས་པ་	VERB
བྱ་	བྱ་	VERB
།		PUNCT
མ་	མ་	PART
འགལ་	འགལ་	VERB
ན་	ལ་	PART
དགའ་བ་	དགའ་བ་	VERB
བསྒོམ་	བསྒོམ་	VERB
བསྔོ་སྨོན་	བསྔོ་སྨོན་	NO_POS
བྱ་	བྱ་	VERB
འོ་	གོ་	PART
"།
།"		PUNCT
གཉིས་པོ་	གཉིས་པོ་	NUM
གང་	གང་	NO_POS
བྱུང་	བྱུང་	VERB
བཟོད་པ་	བཟོད་པ་	VERB
ར་	ལ་	PART
བྱ་	བྱ་	VERB
།		PUNCT
ཞེས་་	ཞེས་པ་	PART
ས་	གིས་	PART
མཐོ་དམན་	མཐོ་དམན་	NOUN
དང་	དང་	NO_POS
སྐྱིད་སྡུག་	སྐྱིད་སྡུག་	NOUN
ཅི་	ཅི་	NO_POS
བྱུང་	བྱུང་	VERB
ཡང་	ཀྱང་	PART
།		PUNCT
ཁེང་	ཁེང་	NO_POS
དྲེག་	དྲེག་	NOUN
དང་	དང་	NO_POS
ཡི་མུག་	ཡི་མུག་	NOUN
མི་	མི་	PART
བྱ་	བྱ་	VERB
།		PUNCT
གཉིས་པོ་	གཉིས་པོ་	NUM
སྲོག་	སྲོག་	NOUN
དང་	དང་	NO_POS
བསྡོམ་	བསྡོམ་	NO_POS
ན་	ནས་	PART
བཟུང་	བཟུང་	NO_POS
།		PUNCT
ཞེས་་	ཞེས་པ་	PART
ས་	གིས་	PART
ཆོ་	ཆོ་	NOUN
སྤྱི་	སྤྱི་	DET
ཡི་དམ་	ཡི་དམ་	NOUN
ཚིག་	ཚིག་	NOUN
དང་	དང་	NO_POS
།		PUNCT
བློ་	བློ་	NOUN
སྦྱོངས་	སྦྱོངས་	VERB
གི་	གི་	PART
དམ་ཚིག་	དམ་ཚིག་	NOUN
གཉིས་	གཉིས་	NUM
མ་	མ་	PART
ཉམས་པ་	ཉམས་པ་	VERB
ར་	ལ་	PART
བསྟན་	བསྟན་	VERB
།		PUNCT
དཀའ་བ་	དཀའ་བ་	VERB
གསུམ་	གསུམ་	NUM
ལ་	ལ་	PART
བསླབ་པ་	བསླབ་པ་	VERB
ར་	ལ་	PART
བྱ་	བྱ་	VERB
།		PUNCT
ཉོན་མོངས་	ཉོན་མོངས་	NOUN
སྤང་བ་	སྤང་བ་	VERB
ནི་	ནི་	NO_POS
གཉེན་པོ་	གཉེན་པོ་	NOUN
དྲན་	དྲན་	VERB
དཀའ་	དཀའ་	VERB
།		PUNCT
ལྡོག་	ལྡོག་	VERB
དཀའ་	དཀའ་	VERB
།		PUNCT
རྒྱུན་	རྒྱུན་	NOUN
གཅོད་པ་	གཅོད་པ་	VERB
ར་	ལ་	PART
དཀའ་བ་	དཀའ་བ་	VERB
སྟེ་	སྟེ་	PART
མི་	མི་	PART
དཀའ་བ་	དཀའ་བ་	VERB
ར་	ལ་	PART
བསླབ་	བསླབ་	VERB
།		PUNCT
རྒྱུ་	རྒྱུ་	NOUN
ཡི་	གི་	PART
གཙོ་བོ་	གཙོ་བོ་	ADJ
རྣམ་	རྣམ་	NOUN
གསུམ་	གསུམ་	NUM
བླངས་	བླངས་	VERB
།		PUNCT
ཞེས་་	ཞེས་པ་	PART
ས་	གིས་	PART
བླ་མ་	བླ་མ་	NOUN
འི་	གི་	PART
གདམས་ངག་	གདམས་ངག་	NOUN
རྒྱུད་	རྒྱུད་	NOUN
ལ་	ལ་	PART
སྐྱེད་བ་	སྐྱེད་བ་	VERB
དང་	དང་	NO_POS
།		PUNCT
སྐྱོ་ཤས་	སྐྱོ་ཤས་	NOUN
ཆེ་བ་	ཆེ་བ་	VERB
དང་	དང་	NO_POS
།		PUNCT
མཐུན་	མཐུན་	VERB
རྐྱེན་	རྐྱེན་	NOUN
འཛོམས་པ་	འཛོམས་པ་	VERB
གསུམ་	གསུམ་	NUM
བསྟན་	བསྟན་	VERB
།		PUNCT
ཉམས་པ་	ཉམས་པ་	VERB
མེད་པ་	མེད་པ་	VERB
རྣམ་	རྣམ་	NOUN
གསུམ་	གསུམ་	NUM
བསྒོམ་	བསྒོམ་	VERB
།		PUNCT
ཞེས་་	ཞེས་པ་	PART
ས་	གིས་	PART
དད་གུས་	དད་གུས་	NOUN
མ་	མ་	PART
ཉམས་པ་	ཉམས་པ་	VERB
།		PUNCT
སྤྲོ་བ་	སྤྲོ་བ་	VERB
མི་	མི་	PART
ཉམས་པ་	ཉམས་པ་	VERB
།		PUNCT
བག་	བག་	NOUN
ཡོད་	ཡོད་	VERB
མ་	མ་	PART
ཉམས་པ་	ཉམས་པ་	VERB
གསུམ་	གསུམ་	NUM
ལ་	ལ་	PART
བསླབ་	བསླབ་	VERB
"།
།"		PUNCT
འབྲལ་	འབྲལ་	NO_POS
མེད་	མེད་	VERB
གསུམ་	གསུམ་	NUM
དང་	དང་	NO_POS
ལྡན་པ་	ལྡན་པ་	VERB
ར་	ལ་	PART
བྱ་	བྱ་	VERB
།		PUNCT
ཞེ་	ཅེས་	PART
བ་	བ་	ADP
ལུས་ངག་	ལུས་ངག་	NOUN
ཡིང་		NON_WORD
གསུམ་	གསུམ་	NUM
དགེ་སྦྱོར་	དགེ་སྦྱོར་	NOUN
ངང་	ངང་	NOUN
མ་	མ་	PART
བྲལ་བ་	བྲལ་བ་	VERB
ར་	ལ་	PART
བསྟན་	བསྟན་	VERB
།		PUNCT
བཀོལ་བ་	བཀོལ་བ་	VERB
རྣམས་	རྣམས་	DET
ལ་	ལ་	PART
རྟག་	རྟག་	VERB
ཏུ་	ལ་	PART
སྦྱོང་	སྦྱོང་	VERB
།		PUNCT
ཞེས་་	ཞེས་པ་	PART
ས་	གིས་	PART
རང་	རང་	PRON
ལ་	ལ་	PART
ཚུལ་	ཚུལ་	NOUN
གནས་པ་	གནས་པ་	VERB
དང་	དང་	NO_POS
།		PUNCT
ཡིད་	ཡིད་	NOUN
དུ་	ལ་	PART
མི་	མི་	PART
འོང་བ་	འོང་བ་	VERB
རྣམས་	རྣམས་	DET
ལ་	ལ་	PART
ལྷག་པ་		
སྙིང་	སྙིང་	NOUN
གི་	གི་	PART
དུམ་བུ་	དུམ་བུ་	NOUN
བཞིན་	བཞིན་	NOUN
དུ་	ལ་	PART
བསམ་	བསམ་	NOUN
ལ་	ལ་	PART
སྦྱོང་	སྦྱོང་	VERB
།		PUNCT
ཡུལ་	ཡུལ་	NOUN
གཉན་པ་	གཉན་པ་	VERB
རྣམས་	རྣམས་	DET
ལ་	ལ་	PART
རྣམ་སྨིན་	རྣམ་སྨིན་	NOUN
བསམ་	བསམ་	NOUN
གྱིས་	གིས་	PART
མི་	མི་	PART
ཁྱབ་པ་	ཁྱབ་པ་	VERB
ས་	གིས་	PART
ཁྱད་པར་	ཁྱད་པར་	NOUN
དུ་	ལ་	PART
བཀོལ་	བཀོལ་	NO_POS
ལ་	ལ་	PART
སྦྱོང་	སྦྱོང་	VERB
།		PUNCT
རྐྱེན་	རྐྱེན་	NOUN
གཞན་དག་	གཞན་དག་	NO_POS
ལ་	ལ་	PART
ལྟོ་	ལྟོ་	VERB
མི་	མི་	PART
བྱ་	བྱ་	VERB
།		PUNCT
ཞེས་་	ཞེས་པ་	PART
ས་	གིས་	PART
མཐུན་	མཐུན་	VERB
རྐྱེན་	རྐྱེན་	NOUN
མ་	མ་	PART
འཛོམ་	འཛོམ་	NO_POS
ན་མ་	ན་མ་	PROPN
འཛོམ་པ་	འཛོམ་པ་	VERB
དེ་	སྟེ་	PART
ཆོ་	ཆོ་	NOUN
འདི་	འདི་	DET
འི་	གི་	PART
རྒྱུ་	རྒྱུ་	NOUN
ཡིན་པ་	ཡིན་པ་	AUX
ར་	ལ་	PART
གོ་	གོ་	PART
།		PUNCT
ད་རེས་	ད་རེས་	ADV
གཙོ་བོ་	གཙོ་བོ་	ADJ
ཉམས་	ཉམས་	NOUN
སུ་	ལ་	PART
བླང་	བླང་	NO_POS
།		PUNCT
ཞེས་་	ཞེས་པ་	PART
ས་	གིས་	PART
ཚེ་	ཚེ་	NOUN
ཕྱི་མ་	ཕྱི་མ་	ADJ
འི་	གི་	PART
དོན་	དོན་	NOUN
སྒྲུབ་པ་	སྒྲུབ་པ་	VERB
གཙོ་	གཙོ་	NOUN
།		PUNCT
བྱང་སེམས་	བྱང་སེམས་	NOUN
སྦྱོང་བ་	སྦྱོང་བ་	VERB
འི་	གི་	PART
སྒྲུབ་པ་	སྒྲུབ་པ་	VERB
གཙོ་	གཙོ་	NOUN
།		PUNCT
བླ་མ་	བླ་མ་	NOUN
འི་	གི་	PART
མན་ངག་	མན་ངག་	NOUN
གཙོ་	གཙོ་	NOUN
།		PUNCT
མལ་	མལ་	NO_POS
དུ་	ལ་	PART
བསྡོད་པ་	བསྡོད་པ་	NON_WORD
གཙོ་	གཙོ་	NOUN
།		PUNCT
གོ་ལོག་	གོ་ལོག་	ADJ
མི་	མི་	PART
བྱ་	བྱ་	VERB
།		PUNCT
ཞེས་་	ཞེས་པ་	PART
ས་	གིས་	PART
།		PUNCT
བཟོད་པ་	བཟོད་པ་	VERB
།		PUNCT
འདུན་པ་	འདུན་པ་	PROPN
།		PUNCT
རོ་	རོ་	NOUN
མྱོང་	མྱོང་	VERB
༑		PUNCT
སྙིང་རྗེ་	སྙིང་རྗེ་	NOUN
།		PUNCT
གཉེར་	གཉེར་	VERB
སེམས་	སེམས་	NOUN
།		PUNCT
ཡིད་	ཡིད་	NOUN
རངས་	རངས་	NO_POS
ཏེ་	སྟེ་	PART
དྲུག་པོ་	དྲུག་པོ་	NUM
དེ་	སྟེ་	PART
རྣམས་	རྣམས་	DET
སྤང་	སྤང་	VERB
།		PUNCT
ར་	ར་	NOUN
འཇོག་	འཇོག་	VERB
མི་	མི་	PART
བྱ་	བྱ་	VERB
ཞེས་་	ཞེས་པ་	PART
ས་	གིས་	PART
།		PUNCT
རེ་	རེ་	NOUN
བཟླས་པ་	བཟླས་པ་	VERB
།		PUNCT
རེ་	རེ་	NOUN
བློ་སྦྱོང་	བློ་སྦྱོང་	OTHER
སོགས་	སོགས་	DET
མི་	མི་	PART
བྱ་	བྱ་	VERB
།		PUNCT
དེ་	སྟེ་	PART
ལ་	ལ་	PART
བློ་སྦྱོང་	བློ་སྦྱོང་	OTHER
ཚོད་	ཚོད་	NOUN
མི་	མི་	PART
བྱེད་པ་	བྱེད་པ་	VERB
བློ་	བློ་	NOUN
ཐག་	ཐག་	VERB
ཆོད་པ་	ཆོད་པ་	VERB
ས་	གིས་	PART
སྦྱོང་	སྦྱོང་	VERB
།		PUNCT
རྟོག་དཔྱོད་	རྟོག་དཔྱོད་	NO_POS
གཉིས་	གཉིས་	NUM
ཀྱི་	གི་	PART
ཐལ་བ་	ཐལ་བ་	NOUN
ར་	ལ་	PART
བྱ་	བྱ་	VERB
།		PUNCT
ཞེས་་	ཞེས་པ་	PART
ས་	གིས་	PART
འདའ་	འདའ་	VERB
མ་	མ་	PART
འོང་	འོང་	VERB
གཉིས་	གཉིས་	NUM
ཀྱི་	གི་	PART
ཚུལ་	ཚུལ་	NOUN
ལུགས་	ལུགས་	NOUN
ཀྱིས་	གིས་	PART
ཉོན་མོངས་པ་	ཉོན་མོངས་པ་	NOUN
སྤང་བ་	སྤང་བ་	VERB
ལ་	ལ་	PART
ནན་ཏན་	ནན་ཏན་	NOUN
བྱ་བ་	བྱ་བ་	VERB
ར་	ལ་	PART
བསྟན་	བསྟན་	VERB
།		PUNCT
ཡུས་	ཡུས་	NOUN
མི་	མི་	PART
བསྒོམ་	བསྒོམ་	VERB
ཞེས་་	ཞེས་པ་	PART
།		PUNCT
ཡུས་	ཡུས་	NOUN
ཀྱི་	གི་	PART
རྔོམ་པ་	རྔོམ་པ་	NO_POS
དང་	དང་	NO_POS
།		PUNCT
ང་རྒྱལ་	ང་རྒྱལ་	NOUN
ཆེ་བ་	ཆེ་བ་	VERB
ར་	ལ་	PART
མི་	མི་	PART
བྱ་	བྱ་	VERB
།		PUNCT
གཉེན་པོ་	གཉེན་པོ་	NOUN
བསྟན་པ་	བསྟན་པ་	VERB
གཉིས་	གཉིས་	NUM
ཀྱི་	གི་	PART
།		PUNCT
ཀོ་ལོང་	ཀོ་ལོང་	NOUN
མི་	མི་	PART
བསྡོམས་	བསྡོམས་	NO_POS
ཞེས་་	ཞེས་པ་	PART
།		PUNCT
ངན་ལན་	ངན་ལན་	NOUN
མི་	མི་	PART
བྱ་	བྱ་	VERB
།		PUNCT
ཡུད་ཙམ་པ་	ཡུད་ཙམ་པ་	NO_POS
མི་	མི་	PART
བྱ་	བྱ་	VERB
ཞེས་་	ཞེས་པ་	PART
༑		PUNCT
ངོ་	གོ་	PART
མི་རྟག་བ་	མི་རྟག་བ་	OTHER
རེ་	རེ་	DET
ལ་	ལ་	PART
རྣམ་	རྣམ་	NOUN
འབྱོར་	འབྱོར་	VERB
བསྟན་པ་	བསྟན་པ་	VERB
སྤང་	སྤང་	VERB
།		PUNCT
འོལ་	འོལ་	NO_POS
ཆེ་	ཆེ་	VERB
མ་	མ་	PART
འདོད་	འདོད་	VERB
ཞེས་་	ཞེས་པ་	PART
།		PUNCT
ཚིག་	ཚིག་	NOUN
གི་	གི་	PART
གཏང་རག་	གཏང་རག་	NOUN
བཏང་བ་	བཏང་བ་	VERB
སོགས་	སོགས་	DET
སྙན་གྲགས་	སྙན་གྲགས་	NOUN
འདོད་པ་	འདོད་པ་	VERB
སྤང་	སྤང་	VERB
།		PUNCT
སྙིགས་མ་	སྙིགས་མ་	NOUN
ལྔ་པོ་	ལྔ་པོ་	NUM
བདོ་བ་	བདོ་བ་	VERB
འདི་	འདི་	DET
།		PUNCT
བྱང་ཆུབ་	བྱང་ཆུབ་	NOUN
ལམ་	གམ་	PART
དུ་	ལ་	PART
བསྒྱུར་བ་	བསྒྱུར་བ་	VERB
ར་	ལ་	PART
ཡིན་	ཡིན་	NO_POS
།		PUNCT
ཞེས་་	ཞེས་པ་	PART
ས་	གིས་	PART
ཕན་ཡོན་	ཕན་ཡོན་	NOUN
བསྟན་	བསྟན་	VERB
།		PUNCT
རང་	རང་	PRON
གི་	གི་	PART
མོས་པ་	མོས་པ་	VERB
སོགས་	སོགས་	DET
ཚིག་	ཚིག་	NOUN
བཞི་	བཞི་	NUM
འི་	གི་	PART
དཀའ་བ་	དཀའ་བ་	VERB
རང་	རང་	PRON
གིས་	གིས་	PART
ཉམས་	ཉམས་	NOUN
སུ་	ལ་	PART
ལེན་པ་	ལེན་པ་	VERB
འི་	གི་	PART
ཚུལ་	ཚུལ་	NOUN
བསྟན་	བསྟན་	VERB
རྫོགས་	རྫོགས་	VERB
སོ་	གོ་	PART
"།།
།།"		PUNCT
